[
  {
    "num": 73944,
    "insults": "corrupt"
  },
  {
    "num": 64727,
    "insults": "dishonest"
  },
  {
    "num": 55637,
    "insults": "fool"
  },
  {
    "num": 50697,
    "insults": "incompeten"
  },
  {
    "num": 50277,
    "insults": "disgusting"
  },
  {
    "num": 49000,
    "insults": "terrible"
  },
  {
    "num": 47126,
    "insults": "pathetic"
  },
  {
    "num": 46030,
    "insults": "weak"
  },
  {
    "num": 42638,
    "insults": "mess"
  },
  {
    "num": 42471,
    "insults": "no talent"
  },
  {
    "num": 40719,
    "insults": "crazy"
  },
  {
    "num": 38895,
    "insults": "none"
  },
  {
    "num": 35040,
    "insults": "loser"
  },
  {
    "num": 34468,
    "insults": "black"
  },
  {
    "num": 33727,
    "insults": "fail"
  },
  {
    "num": 25271,
    "insults": "stupid"
  }
]