{"settings":{"opExample":[],"licence":"copyright","isPublic":true},"ops":[{"opId":"255bd15b-cc91-4a12-9b4e-53c710cbb282","objName":"Ops.Gl.Meshes.FullscreenRectangle","id":"07b8e5a4-7c46-477f-8c77-6202351dde6d","uiAttribs":{"translate":{"x":-120,"y":320},"subPatch":0,"selected":false,"notWorkingMsg":null},"portsIn":[{"name":"render","links":[{"portIn":"render","portOut":"trigger 0","objIn":"07b8e5a4-7c46-477f-8c77-6202351dde6d","objOut":"f0362765-51f5-4f5d-86e7-6ab7baed4075"}]},{"name":"Center in Canvas","value":true},{"name":"Flip Y","value":false},{"name":"Flip X","value":false},{"name":"Texture","links":[{"portIn":"Texture","portOut":"Texture","objIn":"07b8e5a4-7c46-477f-8c77-6202351dde6d","objOut":"9fafe3ab-07f7-4120-a466-c59883ccd657"}]}],"portsOut":[{"name":"trigger","value":0}]},{"opId":"790f3702-9833-464e-8e37-6f0f813f7e16","objName":"Ops.Gl.Texture_v2","id":"9fafe3ab-07f7-4120-a466-c59883ccd657","uiAttribs":{"translate":{"x":-72,"y":240},"subPatch":0,"selected":true,"notWorkingMsg":null,"extendTitle":"Background10"},"portsIn":[{"name":"File","value":"/assets/5fd2afa5bc20ef54b6469ff0/Background10.png","display":"file"},{"name":"Filter index","value":0},{"name":"Filter","value":"mipmap"},{"name":"Wrap index","value":2},{"name":"Wrap","value":"repeat"},{"name":"Anisotropic index","value":0},{"name":"Anisotropic","value":0},{"name":"Flip","value":false},{"name":"Pre Multiplied Alpha","value":false},{"name":"Active","value":true}],"portsOut":[{"name":"Texture"},{"name":"Width","value":1456},{"name":"Height","value":796},{"name":"Aspect Ratio","value":1.829145728643216},{"name":"Loaded","value":true}]},{"opId":"a466bc1f-06e9-4595-8849-bffb9fe22f99","objName":"Ops.Sequence","id":"f0362765-51f5-4f5d-86e7-6ab7baed4075","uiAttribs":{"subPatch":0,"translate":{"x":432,"y":260},"notWorkingMsg":null,"selected":false},"portsIn":[{"name":"exe","links":[{"portIn":"exe","portOut":"trigger","objIn":"f0362765-51f5-4f5d-86e7-6ab7baed4075","objOut":"f84b571e-95ac-401a-b568-8218c33be7f4"}]},{"name":"exe 0","value":0},{"name":"exe 1","value":0},{"name":"exe 2","value":0},{"name":"exe 3","value":0},{"name":"exe 4","value":0},{"name":"exe 5","value":0},{"name":"exe 6","value":0},{"name":"exe 7","value":0},{"name":"exe 8","value":0},{"name":"exe 9","value":0},{"name":"exe 10","value":0},{"name":"exe 11","value":0},{"name":"exe 12","value":0},{"name":"exe 13","value":0},{"name":"exe 14","value":0}],"portsOut":[{"name":"trigger 0"},{"name":"trigger 1","value":0},{"name":"trigger 2","value":0},{"name":"trigger 3","value":0},{"name":"trigger 4","value":0},{"name":"trigger 5","value":0},{"name":"trigger 6","value":0},{"name":"trigger 7","value":0},{"name":"trigger 8","value":0},{"name":"trigger 9","value":0},{"name":"trigger 10","value":0},{"name":"trigger 11","value":0},{"name":"trigger 12","value":0},{"name":"trigger 13","value":0},{"name":"trigger 14","value":0},{"name":"trigger 15"}]},{"opId":"b0472a1d-db16-4ba6-8787-f300fbdc77bb","objName":"Ops.Gl.MainLoop","id":"34040d48-05a6-4fc9-85fd-dadafcb838cd","uiAttribs":{"translate":{"x":432,"y":-60},"subPatch":0,"notWorkingMsg":null,"selected":false},"portsIn":[{"name":"FPS Limit","value":0},{"name":"Reduce FPS not focussed","value":true},{"name":"Reduce FPS loading","value":false},{"name":"Clear","value":true},{"name":"ClearAlpha","value":true},{"name":"Fullscreen Button","value":false},{"name":"Active","value":true},{"name":"Hires Displays","value":false}],"portsOut":[{"name":"trigger"},{"name":"width","value":640},{"name":"height","value":360}]},{"opId":"19b441eb-9f63-4f35-ba08-b87841517c4d","objName":"Ops.Gl.ClearColor","id":"51c5cb93-df9e-410b-b21e-b61c69632b2e","uiAttribs":{"translate":{"x":432,"y":40},"subPatch":0,"selected":false,"notWorkingMsg":null},"portsIn":[{"name":"render","links":[{"portIn":"render","portOut":"trigger","objIn":"51c5cb93-df9e-410b-b21e-b61c69632b2e","objOut":"34040d48-05a6-4fc9-85fd-dadafcb838cd"}]},{"name":"r","value":0.1568627450980392},{"name":"g","value":0.1568627450980392},{"name":"b","value":0.1568627450980392},{"name":"a","value":1}],"portsOut":[{"name":"trigger"}]},{"opId":"eaf4f7ce-08a3-4d1b-b9f4-ebc0b7b1cde1","objName":"Ops.Gl.Matrix.OrbitControls","id":"8bc396cf-bf35-41d4-b7e9-f4c14d0b3204","uiAttribs":{"translate":{"x":432,"y":120},"subPatch":0,"selected":false,"notWorkingMsg":null},"portsIn":[{"name":"render","links":[{"portIn":"render","portOut":"trigger","objIn":"8bc396cf-bf35-41d4-b7e9-f4c14d0b3204","objOut":"51c5cb93-df9e-410b-b21e-b61c69632b2e"}]},{"name":"min distance","value":0.05},{"name":"max distance","value":99999},{"name":"min rot y","value":0},{"name":"max rot y","value":0},{"name":"initial radius","value":30},{"name":"initial axis y","value":0.5},{"name":"initial axis x","value":0.25},{"name":"mul","value":1},{"name":"Smoothness","value":1},{"name":"Speed X","value":1},{"name":"Speed Y","value":1},{"name":"Active","value":true},{"name":"Allow Panning","value":true},{"name":"Allow Zooming","value":true},{"name":"Allow Rotation","value":true},{"name":"restricted","value":true},{"name":"Pointerlock","value":false},{"name":"Reset","value":0}],"portsOut":[{"name":"trigger"},{"name":"radius","value":30},{"name":"Rot X","value":85.18718825381006},{"name":"Rot Y","value":95.9039840720172}]},{"opId":"d69316f1-bde9-4645-8280-c635a8982e0d","objName":"Ops.Gl.Phong.LambertMaterial_v2","id":"71f645e6-48c6-4620-ad3b-82c79dc00f9d","uiAttribs":{"translate":{"x":-144,"y":720},"subPatch":0,"selected":false,"notWorkingMsg":null},"portsIn":[{"name":"Execute","links":[{"portIn":"Execute","portOut":"trigger","objIn":"71f645e6-48c6-4620-ad3b-82c79dc00f9d","objOut":"751bddce-5a09-4761-bf38-d393520409e0"}]},{"name":"Diffuse R","value":0.16874980926513672},{"name":"Diffuse G","value":0.16874980926513672},{"name":"Diffuse B","value":0.16874980926513672},{"name":"Diffuse A","value":1},{"name":"Double Sided","value":false},{"name":"Diffuse Texture","value":0},{"name":"Colorize Texture","value":false}],"portsOut":[{"name":"next"},{"name":"Shader"}]},{"opId":"481d2d8f-b9ee-42a0-a905-caf9dc23a63f","objName":"Ops.Array.ArrayIteratorObjects","id":"a3f5b6ed-3b65-4900-a6ae-bde2b547d1de","uiAttribs":{"subPatch":0,"translate":{"x":864,"y":600},"notWorkingMsg":null,"selected":false},"portsIn":[{"name":"exe","links":[{"portIn":"exe","portOut":"trigger","objIn":"a3f5b6ed-3b65-4900-a6ae-bde2b547d1de","objOut":"19006f50-4f2d-4bd5-bf6c-630bf75090c7"}]},{"name":"array","links":[{"portIn":"array","portOut":"Result","objIn":"a3f5b6ed-3b65-4900-a6ae-bde2b547d1de","objOut":"96e100e0-7f2d-4ab7-beff-75a63e366563"}]}],"portsOut":[{"name":"trigger"},{"name":"finished","value":0},{"name":"index"},{"name":"value"}]},{"opId":"c7ee6c6e-ca88-4c24-b289-78bb922bf5f7","objName":"Ops.Array.ArrayChunk","id":"ec1c897b-8f81-4d15-b5d6-0a195c442c55","uiAttribs":{"title":"Array Preview","translate":{"x":1032,"y":600},"subPatch":0,"selected":false,"notWorkingMsg":null},"portsIn":[{"name":"Input Array","links":[{"portIn":"Input Array","portOut":"Result","objIn":"ec1c897b-8f81-4d15-b5d6-0a195c442c55","objOut":"96e100e0-7f2d-4ab7-beff-75a63e366563"}]},{"name":"Begin Index","value":0},{"name":"Chunk Size","value":15},{"name":"Circular","value":false}],"portsOut":[{"name":"Output Array"},{"name":"Array length","value":15}]},{"opId":"37b92ba4-cea5-42ae-bf28-a513ca28549c","objName":"Ops.Gl.Meshes.Cube_v2","id":"c1091a1e-b150-4654-aaf7-125388523013","uiAttribs":{"title":"Base | Cube","translate":{"x":-144,"y":920},"subPatch":0,"selected":false,"notWorkingMsg":null},"portsIn":[{"name":"Render","links":[{"portIn":"Render","portOut":"next","objIn":"c1091a1e-b150-4654-aaf7-125388523013","objOut":"71f645e6-48c6-4620-ad3b-82c79dc00f9d"}]},{"name":"Render Mesh","value":true},{"name":"Width","links":[{"portIn":"Width","portOut":"result","objIn":"c1091a1e-b150-4654-aaf7-125388523013","objOut":"da21f6a4-40aa-4b40-82ef-b84ace4f92f0"}]},{"name":"Length","links":[{"portIn":"Length","portOut":"result","objIn":"c1091a1e-b150-4654-aaf7-125388523013","objOut":"9471ae41-3d72-45e5-9758-8b7cb95e7a2e"}]},{"name":"Height","links":[{"portIn":"Height","portOut":"result","objIn":"c1091a1e-b150-4654-aaf7-125388523013","objOut":"cdec3e56-10ec-433d-ad66-a67522cc3e03"}]},{"name":"Center","value":true},{"name":"Mapping index","value":0},{"name":"Mapping","value":"Side"},{"name":"Bias","value":0},{"name":"Flip X","value":true},{"name":"Top","value":true},{"name":"Bottom","value":true},{"name":"Left","value":true},{"name":"Right","value":true},{"name":"Front","value":true},{"name":"Back","value":true}],"portsOut":[{"name":"Next","value":0},{"name":"geometry"}]},{"opId":"8fb2bb5d-665a-4d0a-8079-12710ae453be","objName":"Ops.Value.Number","id":"da21f6a4-40aa-4b40-82ef-b84ace4f92f0","uiAttribs":{"title":"Width","translate":{"x":-120,"y":780},"subPatch":0,"selected":false,"notWorkingMsg":null},"portsIn":[{"name":"value","value":5}],"portsOut":[{"name":"result"}]},{"opId":"8fb2bb5d-665a-4d0a-8079-12710ae453be","objName":"Ops.Value.Number","id":"9471ae41-3d72-45e5-9758-8b7cb95e7a2e","uiAttribs":{"title":"Length","translate":{"x":-108,"y":820},"subPatch":0,"selected":false,"notWorkingMsg":null},"portsIn":[{"name":"value","value":5}],"portsOut":[{"name":"result"}]},{"opId":"8fb2bb5d-665a-4d0a-8079-12710ae453be","objName":"Ops.Value.Number","id":"cdec3e56-10ec-433d-ad66-a67522cc3e03","uiAttribs":{"title":"Height","translate":{"x":-96,"y":860},"subPatch":0,"selected":false,"notWorkingMsg":null},"portsIn":[{"name":"value","value":1.5}],"portsOut":[{"name":"result"}]},{"opId":"d69316f1-bde9-4645-8280-c635a8982e0d","objName":"Ops.Gl.Phong.LambertMaterial_v2","id":"5601b991-1a8d-471a-a72c-df27afb54d42","uiAttribs":{"translate":{"x":96,"y":720},"subPatch":0,"selected":false,"notWorkingMsg":null},"portsIn":[{"name":"Execute","links":[{"portIn":"Execute","portOut":"trigger","objIn":"5601b991-1a8d-471a-a72c-df27afb54d42","objOut":"52ce5a7d-76e7-4f04-81f7-b7d370c3c01a"}]},{"name":"Diffuse R","value":0.16874980926513672},{"name":"Diffuse G","value":0.16874980926513672},{"name":"Diffuse B","value":0.16874980926513672},{"name":"Diffuse A","value":1},{"name":"Double Sided","value":false},{"name":"Diffuse Texture","value":0},{"name":"Colorize Texture","value":false}],"portsOut":[{"name":"next"},{"name":"Shader"}]},{"opId":"37b92ba4-cea5-42ae-bf28-a513ca28549c","objName":"Ops.Gl.Meshes.Cube_v2","id":"f9aeb175-4afe-4aeb-8478-e13662b2db3e","uiAttribs":{"title":"Base2 | Cube","translate":{"x":96,"y":920},"subPatch":0,"selected":false,"notWorkingMsg":null},"portsIn":[{"name":"Render","links":[{"portIn":"Render","portOut":"next","objIn":"f9aeb175-4afe-4aeb-8478-e13662b2db3e","objOut":"5601b991-1a8d-471a-a72c-df27afb54d42"}]},{"name":"Render Mesh","value":true},{"name":"Width","links":[{"portIn":"Width","portOut":"result","objIn":"f9aeb175-4afe-4aeb-8478-e13662b2db3e","objOut":"a3795cef-e4aa-459d-9b27-fbc8e227d478"}]},{"name":"Length","links":[{"portIn":"Length","portOut":"result","objIn":"f9aeb175-4afe-4aeb-8478-e13662b2db3e","objOut":"7fab357c-1807-4232-b56b-f2064bb0da03"}]},{"name":"Height","links":[{"portIn":"Height","portOut":"result","objIn":"f9aeb175-4afe-4aeb-8478-e13662b2db3e","objOut":"e520267f-cd53-47f4-914d-9cb5c9c27b36"}]},{"name":"Center","value":true},{"name":"Mapping index","value":0},{"name":"Mapping","value":"Side"},{"name":"Bias","value":0},{"name":"Flip X","value":true},{"name":"Top","value":true},{"name":"Bottom","value":true},{"name":"Left","value":true},{"name":"Right","value":true},{"name":"Front","value":true},{"name":"Back","value":true}],"portsOut":[{"name":"Next","value":0},{"name":"geometry"}]},{"opId":"8fb2bb5d-665a-4d0a-8079-12710ae453be","objName":"Ops.Value.Number","id":"a3795cef-e4aa-459d-9b27-fbc8e227d478","uiAttribs":{"title":"Width","translate":{"x":120,"y":780},"subPatch":0,"selected":false,"notWorkingMsg":null},"portsIn":[{"name":"value","value":4}],"portsOut":[{"name":"result"}]},{"opId":"8fb2bb5d-665a-4d0a-8079-12710ae453be","objName":"Ops.Value.Number","id":"7fab357c-1807-4232-b56b-f2064bb0da03","uiAttribs":{"title":"Length","translate":{"x":132,"y":820},"subPatch":0,"selected":false,"notWorkingMsg":null},"portsIn":[{"name":"value","value":4}],"portsOut":[{"name":"result"}]},{"opId":"8fb2bb5d-665a-4d0a-8079-12710ae453be","objName":"Ops.Value.Number","id":"e520267f-cd53-47f4-914d-9cb5c9c27b36","uiAttribs":{"title":"Height","translate":{"x":384,"y":860},"subPatch":0,"selected":false,"notWorkingMsg":null},"portsIn":[{"name":"value","value":1.5}],"portsOut":[{"name":"result"}]},{"opId":"650baeb1-db2d-4781-9af6-ab4e9d4277be","objName":"Ops.Gl.Matrix.Transform","id":"52ce5a7d-76e7-4f04-81f7-b7d370c3c01a","uiAttribs":{"translate":{"x":96,"y":640},"subPatch":0,"selected":false,"notWorkingMsg":null},"portsIn":[{"name":"render","links":[{"portIn":"render","portOut":"trigger 15","objIn":"52ce5a7d-76e7-4f04-81f7-b7d370c3c01a","objOut":"f0362765-51f5-4f5d-86e7-6ab7baed4075"}]},{"name":"posX","value":0},{"name":"posY","links":[{"portIn":"posY","portOut":"result","objIn":"52ce5a7d-76e7-4f04-81f7-b7d370c3c01a","objOut":"cdec3e56-10ec-433d-ad66-a67522cc3e03"}]},{"name":"posZ","value":0},{"name":"scale","value":1},{"name":"rotX","value":0},{"name":"rotY","value":0},{"name":"rotZ","value":0}],"portsOut":[{"name":"trigger"}]},{"opId":"650baeb1-db2d-4781-9af6-ab4e9d4277be","objName":"Ops.Gl.Matrix.Transform","id":"e3033766-cb01-4f65-8586-9f9e09af9ddf","uiAttribs":{"subPatch":0,"translate":{"x":864,"y":980},"notWorkingMsg":null,"selected":false,"comment":null},"portsIn":[{"name":"render","links":[{"portIn":"render","portOut":"trigger","objIn":"e3033766-cb01-4f65-8586-9f9e09af9ddf","objOut":"a3f5b6ed-3b65-4900-a6ae-bde2b547d1de"}]},{"name":"posX","value":"-1.5"},{"name":"posY","links":[{"portIn":"posY","portOut":"Sum","objIn":"e3033766-cb01-4f65-8586-9f9e09af9ddf","objOut":"57a3cfb3-d968-4c83-b305-a5409b38ca12"}]},{"name":"posZ","value":-1.5},{"name":"scale","value":1},{"name":"rotX","value":0},{"name":"rotY","value":0},{"name":"rotZ","value":0}],"portsOut":[{"name":"trigger"}]},{"opId":"6663e59c-160a-4191-8f93-77f47c670c52","objName":"Ops.Json.ObjectGetNumber","id":"4f9cfb3d-9825-4cdf-99ba-25094c5eb1f7","uiAttribs":{"title":"getValue","subPatch":0,"translate":{"x":1032,"y":660},"notWorkingMsg":null,"selected":false},"portsIn":[{"name":"data","links":[{"portIn":"data","portOut":"value","objIn":"4f9cfb3d-9825-4cdf-99ba-25094c5eb1f7","objOut":"a3f5b6ed-3b65-4900-a6ae-bde2b547d1de"}]},{"name":"key","value":"num"}],"portsOut":[{"name":"result"}]},{"opId":"9ba52457-5f0d-4b20-a97c-4ec4856b8e29","objName":"Ops.Gl.Matrix.ScaleXYZ","id":"ac0c3771-ef02-428f-8194-fa1578e29eeb","uiAttribs":{"subPatch":0,"translate":{"x":1008,"y":1120},"notWorkingMsg":null,"selected":false},"portsIn":[{"name":"render","links":[{"portIn":"render","portOut":"trigger","objIn":"ac0c3771-ef02-428f-8194-fa1578e29eeb","objOut":"e3033766-cb01-4f65-8586-9f9e09af9ddf"}]},{"name":"x","links":[{"portIn":"x","portOut":"result","objIn":"ac0c3771-ef02-428f-8194-fa1578e29eeb","objOut":"5eb27d1e-4fca-4fa2-9c93-ddd15fcb3660"}]},{"name":"y","links":[{"portIn":"y","portOut":"result","objIn":"ac0c3771-ef02-428f-8194-fa1578e29eeb","objOut":"aa752bf7-dc50-4a41-8ef3-de2298a91292"}]},{"name":"z","links":[{"portIn":"z","portOut":"result","objIn":"ac0c3771-ef02-428f-8194-fa1578e29eeb","objOut":"5eb27d1e-4fca-4fa2-9c93-ddd15fcb3660"}]}],"portsOut":[{"name":"trigger"}]},{"opId":"ff0535e2-603a-4c07-9ce6-e9e0db857dfe","objName":"Ops.Gl.Meshes.Cube","id":"c4971efc-ddbd-41f3-a940-ca6e3fe7adec","uiAttribs":{"title":"Bar | Cube","subPatch":0,"translate":{"x":1020,"y":1520},"notWorkingMsg":null,"selected":false},"portsIn":[{"name":"render","links":[{"portIn":"render","portOut":"next","objIn":"c4971efc-ddbd-41f3-a940-ca6e3fe7adec","objOut":"c46e8d56-2281-4184-811b-fa9bb9544a08"},{"portIn":"render","portOut":"next","objIn":"c4971efc-ddbd-41f3-a940-ca6e3fe7adec","objOut":"8f86d837-32ac-498c-afe4-553a62f09a1f"}]},{"name":"width","value":0.8},{"name":"height","value":0.8},{"name":"length","value":0.8},{"name":"center","value":false},{"name":"Active","value":true},{"name":"Mapping index","value":0},{"name":"Mapping","value":"Default"}],"portsOut":[{"name":"trigger","value":0},{"name":"geometry"}]},{"opId":"8fb2bb5d-665a-4d0a-8079-12710ae453be","objName":"Ops.Value.Number","id":"5eb27d1e-4fca-4fa2-9c93-ddd15fcb3660","uiAttribs":{"title":"Square H/W","translate":{"x":1032,"y":1060},"subPatch":0,"selected":false,"notWorkingMsg":null},"portsIn":[{"name":"value","value":4}],"portsOut":[{"name":"result"}]},{"opId":"650baeb1-db2d-4781-9af6-ab4e9d4277be","objName":"Ops.Gl.Matrix.Transform","id":"751bddce-5a09-4761-bf38-d393520409e0","uiAttribs":{"translate":{"x":-144,"y":640},"subPatch":0,"selected":false,"notWorkingMsg":null},"portsIn":[{"name":"render","links":[{"portIn":"render","portOut":"trigger 15","objIn":"751bddce-5a09-4761-bf38-d393520409e0","objOut":"f0362765-51f5-4f5d-86e7-6ab7baed4075"}]},{"name":"posX","value":0},{"name":"posY","value":0},{"name":"posZ","value":0},{"name":"scale","value":1},{"name":"rotX","value":0},{"name":"rotY","value":0},{"name":"rotZ","value":0}],"portsOut":[{"name":"trigger"}]},{"opId":"650baeb1-db2d-4781-9af6-ab4e9d4277be","objName":"Ops.Gl.Matrix.Transform","id":"f84b571e-95ac-401a-b568-8218c33be7f4","uiAttribs":{"translate":{"x":432,"y":180},"subPatch":0,"selected":false,"notWorkingMsg":null},"portsIn":[{"name":"render","links":[{"portIn":"render","portOut":"trigger","objIn":"f84b571e-95ac-401a-b568-8218c33be7f4","objOut":"8bc396cf-bf35-41d4-b7e9-f4c14d0b3204"}]},{"name":"posX","value":0},{"name":"posY","value":-14},{"name":"posZ","value":0},{"name":"scale","value":1.5},{"name":"rotX","value":0},{"name":"rotY","value":10},{"name":"rotZ","value":0}],"portsOut":[{"name":"trigger"}]},{"opId":"e068629a-7963-48b0-853f-a89348d03654","objName":"Ops.Array.GetValuesFromArrayOfObjects","id":"47fbd383-b86d-4e35-9421-d0687c563b59","uiAttribs":{"translate":{"x":1200,"y":600},"subPatch":0,"selected":false,"notWorkingMsg":null},"portsIn":[{"name":"Array","links":[{"portIn":"Array","portOut":"Result","objIn":"47fbd383-b86d-4e35-9421-d0687c563b59","objOut":"96e100e0-7f2d-4ab7-beff-75a63e366563"}]},{"name":"Key","value":"num"},{"name":"Numbers Only","value":false}],"portsOut":[{"name":"Result"}]},{"opId":"e9406477-1f1c-4cf3-8a64-f6009df05c7c","objName":"Ops.Array.ArrayDivide","id":"a21fb4d9-9b16-4c66-8b67-9b94710bbab2","uiAttribs":{"translate":{"x":1200,"y":800},"subPatch":0,"selected":false,"notWorkingMsg":null},"portsIn":[{"name":"Array In","links":[{"portIn":"Array In","portOut":"Result","objIn":"a21fb4d9-9b16-4c66-8b67-9b94710bbab2","objOut":"47fbd383-b86d-4e35-9421-d0687c563b59"}]},{"name":"Value","links":[{"portIn":"Value","portOut":"result","objIn":"a21fb4d9-9b16-4c66-8b67-9b94710bbab2","objOut":"ed6c04ef-9ddd-43f0-b924-b32a83e61b4c"}]}],"portsOut":[{"name":"Array Out"}]},{"opId":"8fb2bb5d-665a-4d0a-8079-12710ae453be","objName":"Ops.Value.Number","id":"ed6c04ef-9ddd-43f0-b924-b32a83e61b4c","uiAttribs":{"title":"Divider | Number","translate":{"x":1044,"y":740},"subPatch":0,"selected":false,"notWorkingMsg":null},"portsIn":[{"name":"value","value":50000}],"portsOut":[{"name":"result"}]},{"opId":"c7ee6c6e-ca88-4c24-b289-78bb922bf5f7","objName":"Ops.Array.ArrayChunk","id":"61bae95a-53eb-4e02-bcef-b1ff836a1ac3","uiAttribs":{"translate":{"x":888,"y":860},"subPatch":0,"selected":false,"notWorkingMsg":null},"portsIn":[{"name":"Input Array","links":[{"portIn":"Input Array","portOut":"Array Out","objIn":"61bae95a-53eb-4e02-bcef-b1ff836a1ac3","objOut":"a21fb4d9-9b16-4c66-8b67-9b94710bbab2"}]},{"name":"Begin Index","value":0},{"name":"Chunk Size","links":[{"portIn":"Chunk Size","portOut":"index","objIn":"61bae95a-53eb-4e02-bcef-b1ff836a1ac3","objOut":"a3f5b6ed-3b65-4900-a6ae-bde2b547d1de"}]},{"name":"Circular","value":false}],"portsOut":[{"name":"Output Array"},{"name":"Array length","value":15}]},{"opId":"5593ea29-19d3-4161-af0c-b8d62079487d","objName":"Ops.Array.ArraySumUp","id":"57a3cfb3-d968-4c83-b305-a5409b38ca12","uiAttribs":{"translate":{"x":888,"y":920},"subPatch":0,"selected":false,"notWorkingMsg":null},"portsIn":[{"name":"Array","links":[{"portIn":"Array","portOut":"Output Array","objIn":"57a3cfb3-d968-4c83-b305-a5409b38ca12","objOut":"61bae95a-53eb-4e02-bcef-b1ff836a1ac3"}]}],"portsOut":[{"name":"Sum"}]},{"opId":"d69316f1-bde9-4645-8280-c635a8982e0d","objName":"Ops.Gl.Phong.LambertMaterial_v2","id":"c46e8d56-2281-4184-811b-fa9bb9544a08","uiAttribs":{"translate":{"x":1092,"y":1360},"subPatch":0,"selected":false,"notWorkingMsg":null},"portsIn":[{"name":"Execute","links":[{"portIn":"Execute","portOut":"else","objIn":"c46e8d56-2281-4184-811b-fa9bb9544a08","objOut":"35f673c2-27b6-44c2-9af6-b5514bf2fed8"}]},{"name":"Diffuse R","value":1},{"name":"Diffuse G","value":0.15000057220458984},{"name":"Diffuse B","value":0},{"name":"Diffuse A","value":1},{"name":"Double Sided","value":false},{"name":"Diffuse Texture","value":0},{"name":"Colorize Texture","value":false}],"portsOut":[{"name":"next"},{"name":"Shader"}]},{"opId":"5593ea29-19d3-4161-af0c-b8d62079487d","objName":"Ops.Array.ArraySumUp","id":"348a7133-89fd-4e35-9381-98d68fb2a3a7","uiAttribs":{"translate":{"x":1596,"y":140},"subPatch":0,"selected":false,"notWorkingMsg":null},"portsIn":[{"name":"Array","links":[{"portIn":"Array","portOut":"Array Out","objIn":"348a7133-89fd-4e35-9381-98d68fb2a3a7","objOut":"a21fb4d9-9b16-4c66-8b67-9b94710bbab2"}]}],"portsOut":[{"name":"Sum"}]},{"opId":"d69316f1-bde9-4645-8280-c635a8982e0d","objName":"Ops.Gl.Phong.LambertMaterial_v2","id":"02bd7a0a-b3db-45a1-9c70-c73234ab6513","uiAttribs":{"translate":{"x":1572,"y":400},"subPatch":0,"selected":false,"notWorkingMsg":null},"portsIn":[{"name":"Execute","links":[{"portIn":"Execute","portOut":"trigger","objIn":"02bd7a0a-b3db-45a1-9c70-c73234ab6513","objOut":"dbbef121-29fb-45fb-bd6b-f783992e2008"}]},{"name":"Diffuse R","value":0.13749980926513672},{"name":"Diffuse G","value":0.13749980926513672},{"name":"Diffuse B","value":0.13749980926513672},{"name":"Diffuse A","value":1},{"name":"Double Sided","value":false},{"name":"Diffuse Texture","value":0},{"name":"Colorize Texture","value":false}],"portsOut":[{"name":"next"},{"name":"Shader"}]},{"opId":"37b92ba4-cea5-42ae-bf28-a513ca28549c","objName":"Ops.Gl.Meshes.Cube_v2","id":"e4bacedb-d86a-49e0-a4b9-19a1e9dd9c01","uiAttribs":{"title":"Top | Cube","translate":{"x":1572,"y":640},"subPatch":0,"selected":false,"notWorkingMsg":null},"portsIn":[{"name":"Render","links":[{"portIn":"Render","portOut":"next","objIn":"e4bacedb-d86a-49e0-a4b9-19a1e9dd9c01","objOut":"02bd7a0a-b3db-45a1-9c70-c73234ab6513"}]},{"name":"Render Mesh","value":true},{"name":"Width","links":[{"portIn":"Width","portOut":"result","objIn":"e4bacedb-d86a-49e0-a4b9-19a1e9dd9c01","objOut":"6886b363-7c8d-47f7-b2a7-2553187a6f47"}]},{"name":"Length","links":[{"portIn":"Length","portOut":"result","objIn":"e4bacedb-d86a-49e0-a4b9-19a1e9dd9c01","objOut":"c1ab6d40-c66a-4a65-9b53-032bed879c9f"}]},{"name":"Height","links":[{"portIn":"Height","portOut":"result","objIn":"e4bacedb-d86a-49e0-a4b9-19a1e9dd9c01","objOut":"6e48b8a1-02c5-42cc-82c8-103d377f4ac5"}]},{"name":"Center","value":true},{"name":"Mapping index","value":0},{"name":"Mapping","value":"Side"},{"name":"Bias","value":0},{"name":"Flip X","value":true},{"name":"Top","value":true},{"name":"Bottom","value":true},{"name":"Left","value":true},{"name":"Right","value":true},{"name":"Front","value":true},{"name":"Back","value":true}],"portsOut":[{"name":"Next","value":0},{"name":"geometry"}]},{"opId":"8fb2bb5d-665a-4d0a-8079-12710ae453be","objName":"Ops.Value.Number","id":"6886b363-7c8d-47f7-b2a7-2553187a6f47","uiAttribs":{"title":"Width","translate":{"x":1596,"y":500},"subPatch":0,"selected":false,"notWorkingMsg":null},"portsIn":[{"name":"value","value":2.5}],"portsOut":[{"name":"result"}]},{"opId":"8fb2bb5d-665a-4d0a-8079-12710ae453be","objName":"Ops.Value.Number","id":"c1ab6d40-c66a-4a65-9b53-032bed879c9f","uiAttribs":{"title":"Length","translate":{"x":1608,"y":540},"subPatch":0,"selected":false,"notWorkingMsg":null},"portsIn":[{"name":"value","links":[{"portIn":"value","portOut":"result","objIn":"c1ab6d40-c66a-4a65-9b53-032bed879c9f","objOut":"6886b363-7c8d-47f7-b2a7-2553187a6f47"}]}],"portsOut":[{"name":"result"}]},{"opId":"8fb2bb5d-665a-4d0a-8079-12710ae453be","objName":"Ops.Value.Number","id":"6e48b8a1-02c5-42cc-82c8-103d377f4ac5","uiAttribs":{"title":"Height","translate":{"x":1620,"y":580},"subPatch":0,"selected":false,"notWorkingMsg":null},"portsIn":[{"name":"value","value":3}],"portsOut":[{"name":"result"}]},{"opId":"650baeb1-db2d-4781-9af6-ab4e9d4277be","objName":"Ops.Gl.Matrix.Transform","id":"dbbef121-29fb-45fb-bd6b-f783992e2008","uiAttribs":{"translate":{"x":1572,"y":320},"subPatch":0,"selected":false,"notWorkingMsg":null},"portsIn":[{"name":"render","links":[{"portIn":"render","portOut":"trigger 15","objIn":"dbbef121-29fb-45fb-bd6b-f783992e2008","objOut":"f0362765-51f5-4f5d-86e7-6ab7baed4075"}]},{"name":"posX","value":0},{"name":"posY","links":[{"portIn":"posY","portOut":"result","objIn":"dbbef121-29fb-45fb-bd6b-f783992e2008","objOut":"51a70ed3-8f26-4eff-b381-742cc9860777"}]},{"name":"posZ","value":0},{"name":"scale","value":1},{"name":"rotX","value":0},{"name":"rotY","value":0},{"name":"rotZ","value":0}],"portsOut":[{"name":"trigger"}]},{"opId":"c8fb181e-0b03-4b41-9e55-06b6267bc634","objName":"Ops.Math.Sum","id":"8f8c8bab-eec3-46d4-920a-3d7122958bf6","uiAttribs":{"translate":{"x":1848,"y":200},"subPatch":0,"selected":false,"notWorkingMsg":null},"portsIn":[{"name":"number1","links":[{"portIn":"number1","portOut":"Sum","objIn":"8f8c8bab-eec3-46d4-920a-3d7122958bf6","objOut":"348a7133-89fd-4e35-9381-98d68fb2a3a7"}]},{"name":"number2","links":[{"portIn":"number2","portOut":"result","objIn":"8f8c8bab-eec3-46d4-920a-3d7122958bf6","objOut":"6e48b8a1-02c5-42cc-82c8-103d377f4ac5"}]}],"portsOut":[{"name":"result"}]},{"opId":"d69316f1-bde9-4645-8280-c635a8982e0d","objName":"Ops.Gl.Phong.LambertMaterial_v2","id":"4dce821e-c6cb-46d5-a5e7-2672eb83f3d5","uiAttribs":{"translate":{"x":1824,"y":400},"subPatch":0,"selected":false,"notWorkingMsg":null},"portsIn":[{"name":"Execute","links":[{"portIn":"Execute","portOut":"trigger","objIn":"4dce821e-c6cb-46d5-a5e7-2672eb83f3d5","objOut":"b6f7f0c9-709e-4fa0-82ed-ae3c151c18a3"}]},{"name":"Diffuse R","value":0.19374990463256836},{"name":"Diffuse G","value":0.19374990463256836},{"name":"Diffuse B","value":0.19374990463256836},{"name":"Diffuse A","value":1},{"name":"Double Sided","value":false},{"name":"Diffuse Texture","value":0},{"name":"Colorize Texture","value":false}],"portsOut":[{"name":"next"},{"name":"Shader"}]},{"opId":"37b92ba4-cea5-42ae-bf28-a513ca28549c","objName":"Ops.Gl.Meshes.Cube_v2","id":"d21d84c5-ffe8-48e8-9c13-7058f00ab187","uiAttribs":{"title":"Top | Cube","translate":{"x":1824,"y":640},"subPatch":0,"selected":false,"notWorkingMsg":null},"portsIn":[{"name":"Render","links":[{"portIn":"Render","portOut":"next","objIn":"d21d84c5-ffe8-48e8-9c13-7058f00ab187","objOut":"4dce821e-c6cb-46d5-a5e7-2672eb83f3d5"}]},{"name":"Render Mesh","value":true},{"name":"Width","links":[{"portIn":"Width","portOut":"result","objIn":"d21d84c5-ffe8-48e8-9c13-7058f00ab187","objOut":"d76e36f3-1255-4da1-bc9f-1d5d181f77f9"}]},{"name":"Length","links":[{"portIn":"Length","portOut":"result","objIn":"d21d84c5-ffe8-48e8-9c13-7058f00ab187","objOut":"f74d32dd-419f-40a3-a046-5f89f1d1ed00"}]},{"name":"Height","links":[{"portIn":"Height","portOut":"result","objIn":"d21d84c5-ffe8-48e8-9c13-7058f00ab187","objOut":"d5b2f64d-566e-4766-a85d-c0abfad3f062"}]},{"name":"Center","value":true},{"name":"Mapping index","value":0},{"name":"Mapping","value":"Side"},{"name":"Bias","value":0},{"name":"Flip X","value":true},{"name":"Top","value":true},{"name":"Bottom","value":true},{"name":"Left","value":true},{"name":"Right","value":true},{"name":"Front","value":true},{"name":"Back","value":true}],"portsOut":[{"name":"Next","value":0},{"name":"geometry"}]},{"opId":"8fb2bb5d-665a-4d0a-8079-12710ae453be","objName":"Ops.Value.Number","id":"d76e36f3-1255-4da1-bc9f-1d5d181f77f9","uiAttribs":{"title":"Width","translate":{"x":1848,"y":500},"subPatch":0,"selected":false,"notWorkingMsg":null},"portsIn":[{"name":"value","value":2}],"portsOut":[{"name":"result"}]},{"opId":"8fb2bb5d-665a-4d0a-8079-12710ae453be","objName":"Ops.Value.Number","id":"f74d32dd-419f-40a3-a046-5f89f1d1ed00","uiAttribs":{"title":"Length","translate":{"x":1860,"y":540},"subPatch":0,"selected":false,"notWorkingMsg":null},"portsIn":[{"name":"value","links":[{"portIn":"value","portOut":"result","objIn":"f74d32dd-419f-40a3-a046-5f89f1d1ed00","objOut":"d76e36f3-1255-4da1-bc9f-1d5d181f77f9"}]}],"portsOut":[{"name":"result"}]},{"opId":"8fb2bb5d-665a-4d0a-8079-12710ae453be","objName":"Ops.Value.Number","id":"d5b2f64d-566e-4766-a85d-c0abfad3f062","uiAttribs":{"title":"Height","translate":{"x":1872,"y":580},"subPatch":0,"selected":false,"notWorkingMsg":null},"portsIn":[{"name":"value","value":2}],"portsOut":[{"name":"result"}]},{"opId":"650baeb1-db2d-4781-9af6-ab4e9d4277be","objName":"Ops.Gl.Matrix.Transform","id":"b6f7f0c9-709e-4fa0-82ed-ae3c151c18a3","uiAttribs":{"translate":{"x":1824,"y":320},"subPatch":0,"selected":false,"notWorkingMsg":null},"portsIn":[{"name":"render","links":[{"portIn":"render","portOut":"trigger 15","objIn":"b6f7f0c9-709e-4fa0-82ed-ae3c151c18a3","objOut":"f0362765-51f5-4f5d-86e7-6ab7baed4075"}]},{"name":"posX","value":"0"},{"name":"posY","links":[{"portIn":"posY","portOut":"result","objIn":"b6f7f0c9-709e-4fa0-82ed-ae3c151c18a3","objOut":"8f8c8bab-eec3-46d4-920a-3d7122958bf6"}]},{"name":"posZ","value":"0"},{"name":"scale","value":1},{"name":"rotX","value":0},{"name":"rotY","value":0},{"name":"rotZ","value":0}],"portsOut":[{"name":"trigger"}]},{"opId":"780487b9-503c-4e2c-913f-e1ffda7a6329","objName":"Ops.Gl.Meshes.TextMesh","id":"16a7a3d2-3f8e-46c2-89a0-41e2ed62d4c5","uiAttribs":{"title":"TextMesh | Insults","subPatch":0,"translate":{"x":528,"y":1240},"notWorkingMsg":null,"selected":false},"portsIn":[{"name":"Render","links":[{"portIn":"Render","portOut":"trigger","objIn":"16a7a3d2-3f8e-46c2-89a0-41e2ed62d4c5","objOut":"60468ab9-e587-42b2-ae7d-8959451250d3"}]},{"name":"Text","links":[{"portIn":"Text","portOut":"result","objIn":"16a7a3d2-3f8e-46c2-89a0-41e2ed62d4c5","objOut":"9c40344d-b3a5-4a4b-a312-ad5909a10673"}]},{"name":"Scale","value":0.8},{"name":"Font","value":"Arial"},{"name":"align index","value":1},{"name":"align","value":"left"},{"name":"vertical align index","value":1},{"name":"vertical align","value":"Top"},{"name":"Line Height","value":"1"},{"name":"Letter Spacing","value":0},{"name":"r","value":1},{"name":"g","value":1},{"name":"b","value":1},{"name":"a","value":1}],"portsOut":[{"name":"Next","value":0},{"name":"texture"},{"name":"Font Available","value":0}]},{"opId":"650baeb1-db2d-4781-9af6-ab4e9d4277be","objName":"Ops.Gl.Matrix.Transform","id":"dd87046f-d766-4f23-afdd-423456b58a03","uiAttribs":{"subPatch":0,"translate":{"x":600,"y":1080},"notWorkingMsg":null,"selected":false},"portsIn":[{"name":"render","links":[{"portIn":"render","portOut":"trigger","objIn":"dd87046f-d766-4f23-afdd-423456b58a03","objOut":"a3f5b6ed-3b65-4900-a6ae-bde2b547d1de"}]},{"name":"posX","value":2},{"name":"posY","links":[{"portIn":"posY","portOut":"Sum","objIn":"dd87046f-d766-4f23-afdd-423456b58a03","objOut":"57a3cfb3-d968-4c83-b305-a5409b38ca12"}]},{"name":"posZ","value":2},{"name":"scale","value":1},{"name":"rotX","value":90},{"name":"rotY","value":0},{"name":"rotZ","value":90}],"portsOut":[{"name":"trigger"}]},{"opId":"6663e59c-160a-4191-8f93-77f47c670c52","objName":"Ops.Json.ObjectGetNumber","id":"9c40344d-b3a5-4a4b-a312-ad5909a10673","uiAttribs":{"title":"getValue","subPatch":0,"translate":{"x":540,"y":660},"notWorkingMsg":null,"selected":false},"portsIn":[{"name":"data","links":[{"portIn":"data","portOut":"value","objIn":"9c40344d-b3a5-4a4b-a312-ad5909a10673","objOut":"a3f5b6ed-3b65-4900-a6ae-bde2b547d1de"}]},{"name":"key","value":"insults"}],"portsOut":[{"name":"result"}]},{"opId":"650baeb1-db2d-4781-9af6-ab4e9d4277be","objName":"Ops.Gl.Matrix.Transform","id":"19006f50-4f2d-4bd5-bf6c-630bf75090c7","uiAttribs":{"translate":{"x":612,"y":380},"subPatch":0,"selected":false,"notWorkingMsg":null},"portsIn":[{"name":"render","links":[{"portIn":"render","portOut":"trigger 15","objIn":"19006f50-4f2d-4bd5-bf6c-630bf75090c7","objOut":"f0362765-51f5-4f5d-86e7-6ab7baed4075"}]},{"name":"posX","value":0},{"name":"posY","value":2.3},{"name":"posZ","value":0},{"name":"scale","value":1},{"name":"rotX","value":0},{"name":"rotY","value":0},{"name":"rotZ","value":0}],"portsOut":[{"name":"trigger"}]},{"opId":"650baeb1-db2d-4781-9af6-ab4e9d4277be","objName":"Ops.Gl.Matrix.Transform","id":"60468ab9-e587-42b2-ae7d-8959451250d3","uiAttribs":{"translate":{"x":600,"y":1140},"subPatch":0,"notWorkingMsg":null,"selected":false},"portsIn":[{"name":"render","links":[{"portIn":"render","portOut":"trigger","objIn":"60468ab9-e587-42b2-ae7d-8959451250d3","objOut":"dd87046f-d766-4f23-afdd-423456b58a03"}]},{"name":"posX","value":"0"},{"name":"posY","value":"0"},{"name":"posZ","value":-1},{"name":"scale","value":1},{"name":"rotX","value":90},{"name":"rotY","value":90},{"name":"rotZ","value":180}],"portsOut":[{"name":"trigger"}]},{"opId":"c8fb181e-0b03-4b41-9e55-06b6267bc634","objName":"Ops.Math.Sum","id":"51a70ed3-8f26-4eff-b381-742cc9860777","uiAttribs":{"translate":{"x":1596,"y":260},"subPatch":0,"selected":false,"notWorkingMsg":null},"portsIn":[{"name":"number1","links":[{"portIn":"number1","portOut":"Sum","objIn":"51a70ed3-8f26-4eff-b381-742cc9860777","objOut":"348a7133-89fd-4e35-9381-98d68fb2a3a7"}]},{"name":"number2","value":0.8}],"portsOut":[{"name":"result"}]},{"opId":"88d8662f-2c01-42e6-943d-4d3cf90657b0","objName":"Ops.Array.ArrayReverse","id":"96e100e0-7f2d-4ab7-beff-75a63e366563","uiAttribs":{"translate":{"x":1032,"y":500},"subPatch":0,"selected":false,"notWorkingMsg":null},"portsIn":[{"name":"Input","links":[{"portIn":"Input","portOut":"result","objIn":"96e100e0-7f2d-4ab7-beff-75a63e366563","objOut":"070acf56-ec85-4ee9-8245-261c37626d80"}]}],"portsOut":[{"name":"Result"}]},{"opId":"5c6d375a-82db-4366-8013-93f56b4061a9","objName":"Ops.String.NumberToString_v2","id":"aab116b9-0c7e-4221-b8ed-120c95e8ce02","uiAttribs":{"translate":{"x":564,"y":720},"subPatch":0,"selected":false,"notWorkingMsg":null},"portsIn":[{"name":"Number","links":[{"portIn":"Number","portOut":"result","objIn":"aab116b9-0c7e-4221-b8ed-120c95e8ce02","objOut":"9c40344d-b3a5-4a4b-a312-ad5909a10673"}]}],"portsOut":[{"name":"Result"}]},{"opId":"ef15195a-760b-4ac5-9630-322b0ba7b722","objName":"Ops.String.StringEquals","id":"37c840bb-ed2a-403a-85d0-f9043c9bef11","uiAttribs":{"translate":{"x":564,"y":860},"subPatch":0,"selected":false,"notWorkingMsg":null,"comment":"if equal to none"},"portsIn":[{"name":"String 1","links":[{"portIn":"String 1","portOut":"Result","objIn":"37c840bb-ed2a-403a-85d0-f9043c9bef11","objOut":"aab116b9-0c7e-4221-b8ed-120c95e8ce02"}]},{"name":"String 2","value":"none"}],"portsOut":[{"name":"Result"}]},{"opId":"9549e2ed-a544-4d33-a672-05c7854ccf5d","objName":"Ops.Boolean.IfTrueThen_v2","id":"35f673c2-27b6-44c2-9af6-b5514bf2fed8","uiAttribs":{"translate":{"x":1008,"y":1220},"subPatch":0,"selected":false,"notWorkingMsg":null},"portsIn":[{"name":"exe","links":[{"portIn":"exe","portOut":"trigger","objIn":"35f673c2-27b6-44c2-9af6-b5514bf2fed8","objOut":"ac0c3771-ef02-428f-8194-fa1578e29eeb"}]},{"name":"boolean","links":[{"portIn":"boolean","portOut":"Result","objIn":"35f673c2-27b6-44c2-9af6-b5514bf2fed8","objOut":"37c840bb-ed2a-403a-85d0-f9043c9bef11"}]}],"portsOut":[{"name":"then"},{"name":"else"}]},{"opId":"d69316f1-bde9-4645-8280-c635a8982e0d","objName":"Ops.Gl.Phong.LambertMaterial_v2","id":"8f86d837-32ac-498c-afe4-553a62f09a1f","uiAttribs":{"translate":{"x":936,"y":1360},"subPatch":0,"selected":false,"notWorkingMsg":null},"portsIn":[{"name":"Execute","links":[{"portIn":"Execute","portOut":"then","objIn":"8f86d837-32ac-498c-afe4-553a62f09a1f","objOut":"35f673c2-27b6-44c2-9af6-b5514bf2fed8"}]},{"name":"Diffuse R","value":1},{"name":"Diffuse G","value":1},{"name":"Diffuse B","value":1},{"name":"Diffuse A","value":1},{"name":"Double Sided","value":false},{"name":"Diffuse Texture","value":0},{"name":"Colorize Texture","value":false}],"portsOut":[{"name":"next"},{"name":"Shader"}]},{"opId":"c8fb181e-0b03-4b41-9e55-06b6267bc634","objName":"Ops.Math.Sum","id":"defae895-d717-4247-bdc6-51e412aaea39","uiAttribs":{"translate":{"x":2112,"y":260},"subPatch":0,"selected":false,"notWorkingMsg":null},"portsIn":[{"name":"number1","links":[{"portIn":"number1","portOut":"result","objIn":"defae895-d717-4247-bdc6-51e412aaea39","objOut":"d5b2f64d-566e-4766-a85d-c0abfad3f062"}]},{"name":"number2","links":[{"portIn":"number2","portOut":"result","objIn":"defae895-d717-4247-bdc6-51e412aaea39","objOut":"8f8c8bab-eec3-46d4-920a-3d7122958bf6"}]}],"portsOut":[{"name":"result"}]},{"opId":"d69316f1-bde9-4645-8280-c635a8982e0d","objName":"Ops.Gl.Phong.LambertMaterial_v2","id":"5146f276-11bd-4b96-a3f7-4de4a5b4b7d0","uiAttribs":{"translate":{"x":2088,"y":400},"subPatch":0,"selected":false,"notWorkingMsg":null},"portsIn":[{"name":"Execute","links":[{"portIn":"Execute","portOut":"trigger","objIn":"5146f276-11bd-4b96-a3f7-4de4a5b4b7d0","objOut":"fa985079-08e8-4b67-909c-570515a96193"}]},{"name":"Diffuse R","value":0.20624971389770508},{"name":"Diffuse G","value":0.20624971389770508},{"name":"Diffuse B","value":0.20624971389770508},{"name":"Diffuse A","value":1},{"name":"Double Sided","value":false},{"name":"Diffuse Texture","value":0},{"name":"Colorize Texture","value":false}],"portsOut":[{"name":"next"},{"name":"Shader"}]},{"opId":"37b92ba4-cea5-42ae-bf28-a513ca28549c","objName":"Ops.Gl.Meshes.Cube_v2","id":"0b58df9e-2662-4af9-a12f-d502bc4e8368","uiAttribs":{"title":"Top | Cube","translate":{"x":2088,"y":640},"subPatch":0,"selected":false,"notWorkingMsg":null},"portsIn":[{"name":"Render","links":[{"portIn":"Render","portOut":"next","objIn":"0b58df9e-2662-4af9-a12f-d502bc4e8368","objOut":"5146f276-11bd-4b96-a3f7-4de4a5b4b7d0"}]},{"name":"Render Mesh","value":true},{"name":"Width","links":[{"portIn":"Width","portOut":"result","objIn":"0b58df9e-2662-4af9-a12f-d502bc4e8368","objOut":"1eaa2c38-d0f6-4e76-b184-bd54dafa4b3a"}]},{"name":"Length","links":[{"portIn":"Length","portOut":"result","objIn":"0b58df9e-2662-4af9-a12f-d502bc4e8368","objOut":"61260ccb-8214-4f5f-a95a-c2127cdcf0e4"}]},{"name":"Height","links":[{"portIn":"Height","portOut":"result","objIn":"0b58df9e-2662-4af9-a12f-d502bc4e8368","objOut":"05752419-c75d-4e56-8ff2-4687d5232d60"}]},{"name":"Center","value":true},{"name":"Mapping index","value":0},{"name":"Mapping","value":"Side"},{"name":"Bias","value":0},{"name":"Flip X","value":true},{"name":"Top","value":true},{"name":"Bottom","value":true},{"name":"Left","value":true},{"name":"Right","value":true},{"name":"Front","value":true},{"name":"Back","value":true}],"portsOut":[{"name":"Next","value":0},{"name":"geometry"}]},{"opId":"8fb2bb5d-665a-4d0a-8079-12710ae453be","objName":"Ops.Value.Number","id":"1eaa2c38-d0f6-4e76-b184-bd54dafa4b3a","uiAttribs":{"title":"Width","translate":{"x":2112,"y":500},"subPatch":0,"selected":false,"notWorkingMsg":null},"portsIn":[{"name":"value","value":0.2}],"portsOut":[{"name":"result"}]},{"opId":"8fb2bb5d-665a-4d0a-8079-12710ae453be","objName":"Ops.Value.Number","id":"61260ccb-8214-4f5f-a95a-c2127cdcf0e4","uiAttribs":{"title":"Length","translate":{"x":2124,"y":540},"subPatch":0,"selected":false,"notWorkingMsg":null},"portsIn":[{"name":"value","links":[{"portIn":"value","portOut":"result","objIn":"61260ccb-8214-4f5f-a95a-c2127cdcf0e4","objOut":"1eaa2c38-d0f6-4e76-b184-bd54dafa4b3a"}]}],"portsOut":[{"name":"result"}]},{"opId":"8fb2bb5d-665a-4d0a-8079-12710ae453be","objName":"Ops.Value.Number","id":"05752419-c75d-4e56-8ff2-4687d5232d60","uiAttribs":{"title":"Height","translate":{"x":2136,"y":580},"subPatch":0,"selected":false,"notWorkingMsg":null},"portsIn":[{"name":"value","value":3}],"portsOut":[{"name":"result"}]},{"opId":"650baeb1-db2d-4781-9af6-ab4e9d4277be","objName":"Ops.Gl.Matrix.Transform","id":"fa985079-08e8-4b67-909c-570515a96193","uiAttribs":{"translate":{"x":2088,"y":320},"subPatch":0,"selected":false,"notWorkingMsg":null},"portsIn":[{"name":"render","links":[{"portIn":"render","portOut":"trigger 15","objIn":"fa985079-08e8-4b67-909c-570515a96193","objOut":"f0362765-51f5-4f5d-86e7-6ab7baed4075"}]},{"name":"posX","value":"0"},{"name":"posY","links":[{"portIn":"posY","portOut":"result","objIn":"fa985079-08e8-4b67-909c-570515a96193","objOut":"defae895-d717-4247-bdc6-51e412aaea39"}]},{"name":"posZ","value":"0"},{"name":"scale","value":1},{"name":"rotX","value":0},{"name":"rotY","value":0},{"name":"rotZ","value":0}],"portsOut":[{"name":"trigger"}]},{"opId":"2e76c1f8-19ac-4e9d-8db8-58b2f9fbc1d3","objName":"Ops.Json.CsvArray","id":"070acf56-ec85-4ee9-8245-261c37626d80","uiAttribs":{"translate":{"x":1032,"y":420},"subPatch":0,"selected":false,"notWorkingMsg":null},"portsIn":[{"name":"file","value":"/assets/5fd2afa5bc20ef54b6469ff0/data5.csv.json","display":"file"}],"portsOut":[{"name":"result"},{"name":"num items","value":16}]},{"opId":"93492eeb-bf35-4a62-98f7-d85b0b79bfe5","objName":"Ops.Ui.Comment_v2","id":"448436ba-e91a-48f6-b519-f9be944bec86","uiAttribs":{"comment_title":"Trump's Mean Tweets' Tower","comment_text":"","translate":{"x":384,"y":-340},"subPatch":0,"selected":false,"notWorkingMsg":null},"portsIn":[{"name":"title","value":"Trump's Mean Tweets' Tower"},{"name":"text","value":""}],"portsOut":[]},{"opId":"93492eeb-bf35-4a62-98f7-d85b0b79bfe5","objName":"Ops.Ui.Comment_v2","id":"4cb0e114-685c-41a3-bdcb-d14e857a351a","uiAttribs":{"comment_title":"Base cubes","comment_text":"","translate":{"x":-348,"y":1060},"subPatch":0,"selected":false,"notWorkingMsg":null},"portsIn":[{"name":"title","value":"Base cubes"},{"name":"text","value":""}],"portsOut":[]},{"opId":"93492eeb-bf35-4a62-98f7-d85b0b79bfe5","objName":"Ops.Ui.Comment_v2","id":"f3112df6-fc3f-42f2-8d89-15e5d402b596","uiAttribs":{"comment_title":"Top cubes","comment_text":"","translate":{"x":1740,"y":780},"subPatch":0,"selected":false,"notWorkingMsg":null},"portsIn":[{"name":"title","value":"Top cubes"},{"name":"text","value":""}],"portsOut":[]},{"opId":"93492eeb-bf35-4a62-98f7-d85b0b79bfe5","objName":"Ops.Ui.Comment_v2","id":"b66125f9-c053-41df-9787-36371c0b2fea","uiAttribs":{"comment_title":"Plot","comment_text":"","translate":{"x":912,"y":1600},"subPatch":0,"selected":false,"notWorkingMsg":null},"portsIn":[{"name":"title","value":"Plot"},{"name":"text","value":""}],"portsOut":[]},{"opId":"650baeb1-db2d-4781-9af6-ab4e9d4277be","objName":"Ops.Gl.Matrix.Transform","id":"1ead0dc9-7060-47fa-b912-833eefe786b9","uiAttribs":{"translate":{"x":552,"y":520},"subPatch":0,"selected":false,"notWorkingMsg":null},"portsIn":[{"name":"render","links":[{"portIn":"render","portOut":"trigger","objIn":"1ead0dc9-7060-47fa-b912-833eefe786b9","objOut":"19006f50-4f2d-4bd5-bf6c-630bf75090c7"}]},{"name":"posX","value":0},{"name":"posY","value":0},{"name":"posZ","value":0},{"name":"scale","value":1},{"name":"rotX","value":0},{"name":"rotY","value":0},{"name":"rotZ","value":0}],"portsOut":[{"name":"trigger"}]},{"opId":"2390f6b3-2122-412e-8c8d-5c2f574e8bd1","objName":"Ops.Gl.Meshes.TextMesh_v2","id":"473b5748-f79f-4725-aa7b-c1bdd8703952","uiAttribs":{"translate":{"x":552,"y":580},"subPatch":0,"selected":false,"notWorkingMsg":null},"portsIn":[{"name":"Render","links":[{"portIn":"Render","portOut":"trigger","objIn":"473b5748-f79f-4725-aa7b-c1bdd8703952","objOut":"1ead0dc9-7060-47fa-b912-833eefe786b9"}]},{"name":"Text","value":"cables"},{"name":"Scale","value":1},{"name":"Font","value":"Arial"},{"name":"align index","value":1},{"name":"align","value":"center"},{"name":"vertical align index","value":1},{"name":"vertical align","value":"Middle"},{"name":"Line Height","value":1},{"name":"Letter Spacing","value":0},{"name":"filter index","value":2},{"name":"filter","value":"mipmap"},{"name":"Anisotropic index","value":0},{"name":"Anisotropic","value":0},{"name":"Texture Color","value":0},{"name":"Texture Mask","value":0},{"name":"r","value":1},{"name":"g","value":1},{"name":"b","value":1},{"name":"a","value":1}],"portsOut":[{"name":"Next","value":0},{"name":"texture"},{"name":"Total Lines","value":1},{"name":"Width","value":1.0323660714285716},{"name":"Font Available","value":0}]},{"opId":"650baeb1-db2d-4781-9af6-ab4e9d4277be","objName":"Ops.Gl.Matrix.Transform","id":"9880eb2d-caab-4775-b2a4-c917e478f1ee","uiAttribs":{"translate":{"x":852,"y":0},"subPatch":0,"selected":false,"notWorkingMsg":null},"portsIn":[{"name":"render","links":[{"portIn":"render","portOut":"trigger","objIn":"9880eb2d-caab-4775-b2a4-c917e478f1ee","objOut":"34040d48-05a6-4fc9-85fd-dadafcb838cd"}]},{"name":"posX","value":-1.48},{"name":"posY","value":0.78},{"name":"posZ","value":0},{"name":"scale","value":0.52},{"name":"rotX","value":0},{"name":"rotY","value":0},{"name":"rotZ","value":0}],"portsOut":[{"name":"trigger"}]},{"opId":"37b92ba4-cea5-42ae-bf28-a513ca28549c","objName":"Ops.Gl.Meshes.Cube_v2","id":"a9273301-7332-4dab-913b-689db1d36398","uiAttribs":{"translate":{"x":852,"y":120},"subPatch":0,"selected":false,"notWorkingMsg":null},"portsIn":[{"name":"Render","links":[{"portIn":"Render","portOut":"next","objIn":"a9273301-7332-4dab-913b-689db1d36398","objOut":"4337b28b-227a-4b5e-8547-6e266cf72ee3"}]},{"name":"Render Mesh","value":true},{"name":"Width","value":0.5},{"name":"Length","value":0.3},{"name":"Height","value":0.15},{"name":"Center","value":true},{"name":"Mapping index","value":0},{"name":"Mapping","value":"Side"},{"name":"Bias","value":0},{"name":"Flip X","value":true},{"name":"Top","value":true},{"name":"Bottom","value":true},{"name":"Left","value":true},{"name":"Right","value":true},{"name":"Front","value":true},{"name":"Back","value":true}],"portsOut":[{"name":"Next","value":0},{"name":"geometry"}]},{"opId":"aac7f721-208f-411a-adb3-79adae2e471a","objName":"Ops.Anim.Timer_v2","id":"32d49b0d-e82d-41d9-92a7-689a41e3245d","uiAttribs":{"translate":{"x":576,"y":160},"subPatch":0,"selected":false,"notWorkingMsg":null},"portsIn":[{"name":"Speed","value":20},{"name":"Play","value":true},{"name":"Reset","value":0},{"name":"Sync to timeline","value":false}],"portsOut":[{"name":"Time","value":10507.326000000176}]},{"opId":"d69316f1-bde9-4645-8280-c635a8982e0d","objName":"Ops.Gl.Phong.LambertMaterial_v2","id":"4337b28b-227a-4b5e-8547-6e266cf72ee3","uiAttribs":{"translate":{"x":852,"y":60},"subPatch":0,"selected":false,"notWorkingMsg":null},"portsIn":[{"name":"Execute","links":[{"portIn":"Execute","portOut":"trigger","objIn":"4337b28b-227a-4b5e-8547-6e266cf72ee3","objOut":"9880eb2d-caab-4775-b2a4-c917e478f1ee"}]},{"name":"Diffuse R","value":1},{"name":"Diffuse G","value":0.14901960784313725},{"name":"Diffuse B","value":0},{"name":"Diffuse A","value":1},{"name":"Double Sided","value":false},{"name":"Diffuse Texture","value":0},{"name":"Colorize Texture","value":false}],"portsOut":[{"name":"next"},{"name":"Shader"}]},{"opId":"650baeb1-db2d-4781-9af6-ab4e9d4277be","objName":"Ops.Gl.Matrix.Transform","id":"0e837421-cd74-4dcf-9870-1807a8577b3d","uiAttribs":{"translate":{"x":1056,"y":0},"subPatch":0,"selected":false,"notWorkingMsg":null},"portsIn":[{"name":"render","links":[{"portIn":"render","portOut":"trigger","objIn":"0e837421-cd74-4dcf-9870-1807a8577b3d","objOut":"34040d48-05a6-4fc9-85fd-dadafcb838cd"}]},{"name":"posX","value":-1.45},{"name":"posY","value":1.11},{"name":"posZ","value":0},{"name":"scale","value":1},{"name":"rotX","value":0},{"name":"rotY","value":0},{"name":"rotZ","value":0}],"portsOut":[{"name":"trigger"}]},{"opId":"2390f6b3-2122-412e-8c8d-5c2f574e8bd1","objName":"Ops.Gl.Meshes.TextMesh_v2","id":"75271b5f-5a36-4ed8-b5d8-b413eea9b4e3","uiAttribs":{"translate":{"x":1176,"y":60},"subPatch":0,"selected":false,"notWorkingMsg":null},"portsIn":[{"name":"Render","links":[{"portIn":"Render","portOut":"trigger","objIn":"75271b5f-5a36-4ed8-b5d8-b413eea9b4e3","objOut":"0e837421-cd74-4dcf-9870-1807a8577b3d"}]},{"name":"Text","value":"Average number of likes"},{"name":"Scale","value":0.1},{"name":"Font","value":"Arial"},{"name":"align index","value":1},{"name":"align","value":"center"},{"name":"vertical align index","value":1},{"name":"vertical align","value":"Middle"},{"name":"Line Height","value":1},{"name":"Letter Spacing","value":0},{"name":"filter index","value":2},{"name":"filter","value":"mipmap"},{"name":"Anisotropic index","value":0},{"name":"Anisotropic","value":0},{"name":"Texture Color","value":0},{"name":"Texture Mask","value":0},{"name":"r","value":1},{"name":"g","value":1},{"name":"b","value":1},{"name":"a","value":1}],"portsOut":[{"name":"Next","value":0},{"name":"texture"},{"name":"Total Lines","value":1},{"name":"Width","value":0.3851143973214286},{"name":"Font Available","value":0}]},{"opId":"2390f6b3-2122-412e-8c8d-5c2f574e8bd1","objName":"Ops.Gl.Meshes.TextMesh_v2","id":"15def0b1-c5c1-4c92-a6a6-9b8487e9150e","uiAttribs":{"translate":{"x":1056,"y":180},"subPatch":0,"selected":false,"notWorkingMsg":null},"portsIn":[{"name":"Render","links":[{"portIn":"Render","portOut":"trigger","objIn":"15def0b1-c5c1-4c92-a6a6-9b8487e9150e","objOut":"c2f997ff-a029-432f-a0a2-16b73d066be1"}]},{"name":"Text","value":"per category of insult"},{"name":"Scale","value":0.1},{"name":"Font","value":"Arial"},{"name":"align index","value":1},{"name":"align","value":"center"},{"name":"vertical align index","value":1},{"name":"vertical align","value":"Middle"},{"name":"Line Height","value":1},{"name":"Letter Spacing","value":0},{"name":"filter index","value":2},{"name":"filter","value":"mipmap"},{"name":"Anisotropic index","value":0},{"name":"Anisotropic","value":0},{"name":"Texture Color","value":0},{"name":"Texture Mask","value":0},{"name":"r","value":1},{"name":"g","value":1},{"name":"b","value":1},{"name":"a","value":1}],"portsOut":[{"name":"Next","value":0},{"name":"texture"},{"name":"Total Lines","value":1},{"name":"Width","value":0.3315255301339286},{"name":"Font Available","value":0}]},{"opId":"650baeb1-db2d-4781-9af6-ab4e9d4277be","objName":"Ops.Gl.Matrix.Transform","id":"c2f997ff-a029-432f-a0a2-16b73d066be1","uiAttribs":{"translate":{"x":1056,"y":100},"subPatch":0,"selected":false,"notWorkingMsg":null},"portsIn":[{"name":"render","links":[{"portIn":"render","portOut":"trigger","objIn":"c2f997ff-a029-432f-a0a2-16b73d066be1","objOut":"0e837421-cd74-4dcf-9870-1807a8577b3d"}]},{"name":"posX","value":0},{"name":"posY","value":-0.08},{"name":"posZ","value":0},{"name":"scale","value":1},{"name":"rotX","value":0},{"name":"rotY","value":0},{"name":"rotZ","value":0}],"portsOut":[{"name":"trigger"}]},{"opId":"86fcfd8c-038d-4b91-9820-a08114f6b7eb","objName":"Ops.Math.Divide","id":"aa752bf7-dc50-4a41-8ef3-de2298a91292","uiAttribs":{"translate":{"x":1032,"y":1000},"subPatch":0,"selected":false,"notWorkingMsg":null},"portsIn":[{"name":"number1","links":[{"portIn":"number1","portOut":"result","objIn":"aa752bf7-dc50-4a41-8ef3-de2298a91292","objOut":"4f9cfb3d-9825-4cdf-99ba-25094c5eb1f7"}]},{"name":"number2","links":[{"portIn":"number2","portOut":"result","objIn":"aa752bf7-dc50-4a41-8ef3-de2298a91292","objOut":"ed6c04ef-9ddd-43f0-b924-b32a83e61b4c"}]}],"portsOut":[{"name":"result"}]},{"opId":"780487b9-503c-4e2c-913f-e1ffda7a6329","objName":"Ops.Gl.Meshes.TextMesh","id":"69c48f1f-0aa2-4b6f-9ee5-0143caf6c00b","uiAttribs":{"title":"TextMesh | Num","subPatch":0,"translate":{"x":744,"y":1240},"notWorkingMsg":null,"selected":false},"portsIn":[{"name":"Render","links":[{"portIn":"Render","portOut":"trigger","objIn":"69c48f1f-0aa2-4b6f-9ee5-0143caf6c00b","objOut":"6635fd7a-523d-46f8-b8b6-9e011c28ec8a"}]},{"name":"Text","links":[{"portIn":"Text","portOut":"result","objIn":"69c48f1f-0aa2-4b6f-9ee5-0143caf6c00b","objOut":"4f9cfb3d-9825-4cdf-99ba-25094c5eb1f7"}]},{"name":"Scale","value":0.8},{"name":"Font","value":"Arial"},{"name":"align index","value":1},{"name":"align","value":"left"},{"name":"vertical align index","value":1},{"name":"vertical align","value":"Top"},{"name":"Line Height","value":"1"},{"name":"Letter Spacing","value":0},{"name":"r","value":1},{"name":"g","value":1},{"name":"b","value":1},{"name":"a","value":1}],"portsOut":[{"name":"Next","value":0},{"name":"texture"},{"name":"Font Available","value":0}]},{"opId":"650baeb1-db2d-4781-9af6-ab4e9d4277be","objName":"Ops.Gl.Matrix.Transform","id":"6514a74c-93dd-43f0-9251-255b70a2333a","uiAttribs":{"subPatch":0,"translate":{"x":744,"y":1080},"notWorkingMsg":null,"selected":false},"portsIn":[{"name":"render","links":[{"portIn":"render","portOut":"trigger","objIn":"6514a74c-93dd-43f0-9251-255b70a2333a","objOut":"a3f5b6ed-3b65-4900-a6ae-bde2b547d1de"}]},{"name":"posX","value":2},{"name":"posY","links":[{"portIn":"posY","portOut":"Sum","objIn":"6514a74c-93dd-43f0-9251-255b70a2333a","objOut":"57a3cfb3-d968-4c83-b305-a5409b38ca12"}]},{"name":"posZ","value":2},{"name":"scale","value":1},{"name":"rotX","value":90},{"name":"rotY","value":0},{"name":"rotZ","value":90}],"portsOut":[{"name":"trigger"}]},{"opId":"650baeb1-db2d-4781-9af6-ab4e9d4277be","objName":"Ops.Gl.Matrix.Transform","id":"6635fd7a-523d-46f8-b8b6-9e011c28ec8a","uiAttribs":{"translate":{"x":744,"y":1140},"subPatch":0,"notWorkingMsg":null,"selected":false},"portsIn":[{"name":"render","links":[{"portIn":"render","portOut":"trigger","objIn":"6635fd7a-523d-46f8-b8b6-9e011c28ec8a","objOut":"6514a74c-93dd-43f0-9251-255b70a2333a"}]},{"name":"posX","value":"0"},{"name":"posY","value":3.3},{"name":"posZ","value":-0.7},{"name":"scale","value":0.68},{"name":"rotX","value":90},{"name":"rotY","value":90},{"name":"rotZ","value":180}],"portsOut":[{"name":"trigger"}]},{"opId":"93492eeb-bf35-4a62-98f7-d85b0b79bfe5","objName":"Ops.Ui.Comment_v2","id":"a696d3aa-24a3-4752-8b8e-84edb26ddf34","uiAttribs":{"comment_title":"Background","comment_text":"","translate":{"x":-552,"y":200},"subPatch":0,"selected":false,"notWorkingMsg":null},"portsIn":[{"name":"title","value":"Background"},{"name":"text","value":""}],"portsOut":[]},{"opId":"93492eeb-bf35-4a62-98f7-d85b0b79bfe5","objName":"Ops.Ui.Comment_v2","id":"6145db5e-bacf-481f-b3cb-0ce87e44bafd","uiAttribs":{"comment_title":"Legend","comment_text":"","translate":{"x":1272,"y":-60},"subPatch":0,"selected":false,"notWorkingMsg":null},"portsIn":[{"name":"title","value":"Legend"},{"name":"text","value":""}],"portsOut":[]}],"users":[],"userOps":[],"tags":["trump","tower"],"_id":"5fd2afa5bc20ef54b6469ff0","name":"EWDataviz","userId":"5fce4dd539ec846e8e9aec3b","created":"2020-12-10T23:30:45.426Z","updated":"2020-12-11T11:26:40.465Z","__v":55,"shortId":"oVx-ep","buildInfo":{"core":{"timestamp":"1606809402853","created":"2020-12-01T07:56:42.853Z","git":{"branch":"master","commit":"0825d6ee0d34d166295c70d255574c22e9eab0ea","date":"2020-12-01T07:38:33.000Z"}},"ui":{"timestamp":"1607337272779","created":"2020-12-07T10:34:32.779Z","git":{"branch":"master","commit":"51a3900d1dac4abb3ac59f6f4d98ef95b14dcfe4","date":""}},"host":"cables.gl","api":{"timestamp":"1607337331992","created":"2020-12-07T10:35:31.992Z","git":{"branch":"master","commit":"d605f181ca2976c80676cd3b70c416d40d4b1a02","date":"2020-12-07T10:30:29.000Z"}}},"opsHash":"d686f9344ede8100a3c863f6d966e668c9d5f37b","ui":{"viewBox":{"x":-592.3947480182219,"y":-324.48204833818147,"w":1359.1741976868257,"h":1158.3110157626643},"timeLineLength":20,"bookmarks":[],"subPatchViewBoxes":[],"renderer":{"w":640,"h":360,"s":1}},"updatedByUser":"mizany_hope","description":"","namespace":"","published":"2020-12-11T09:19:57.031Z","cachedUsername":"mizany_hope","views":26,"cachedNumComments":0,"cachedNumFavs":1,"statsAdmin":{"filenameScreenshots":["_screenshots/screenshot.png","_screenshots/screenshot_1607643114770.png","_screenshots/screenshot_1607643138160.png","_screenshots/screenshot_1607643153476.png","_screenshots/screenshot_1607643169834.png","_screenshots/screenshot_1607643208512.png","_screenshots/screenshot_1607643232356.png","_screenshots/screenshot_1607643242179.png","_screenshots/screenshot_1607643271187.png","_screenshots/screenshot_1607643317915.png","_screenshots/screenshot_1607643336239.png","_screenshots/screenshot_1607643450777.png","_screenshots/screenshot_1607643554653.png","_screenshots/screenshot_1607643568645.png","_screenshots/screenshot_1607643828897.png","_screenshots/screenshot_1607643849410.png","_screenshots/screenshot_1607643861255.png","_screenshots/screenshot_1607643973588.png","_screenshots/screenshot_1607644244698.png","_screenshots/screenshot_1607644286333.png","_screenshots/screenshot_1607644566195.png","_screenshots/screenshot_1607644587561.png","_screenshots/screenshot_1607645290647.png","_screenshots/screenshot_1607645428812.png","_screenshots/screenshot_1607645493675.png","_screenshots/screenshot_1607645810617.png","_screenshots/screenshot_1607645821772.png","_screenshots/screenshot_1607645842695.png","_screenshots/screenshot_1607675256048.png","_screenshots/screenshot_1607675393040.png","_screenshots/screenshot_1607675768369.png","_screenshots/screenshot_1607676134830.png","_screenshots/screenshot_1607676186198.png","_screenshots/screenshot_1607676242693.png","_screenshots/screenshot_1607676275325.png","_screenshots/screenshot_1607677086849.png","_screenshots/screenshot_1607677242536.png","_screenshots/screenshot_1607677333250.png","_screenshots/screenshot_1607677437064.png","_screenshots/screenshot_1607677449190.png","_screenshots/screenshot_1607677512170.png","_screenshots/screenshot_1607677522967.png","_screenshots/screenshot_1607677562840.png","_screenshots/screenshot_1607677738812.png","_screenshots/screenshot_1607677807526.png","_screenshots/screenshot_1607677854537.png","_screenshots/screenshot_1607677901116.png","_screenshots/screenshot_1607677994762.png","_screenshots/screenshot_1607678045991.png","_screenshots/screenshot_1607679111236.png","_screenshots/screenshot_1607679215769.png","_screenshots/screenshot_1607679353159.png","_screenshots/screenshot_1607679388855.png","_screenshots/screenshot_1607680117448.png","_screenshots/screenshot_1607686001361.png"],"filenameExports":[],"filenameAssets":["Background10.png","Background2.png","Background3.png","Background5.png","Background6.png","Background8.png","Background9.png","data5.csv.json"],"hasOldScreenshots":false,"hasOldExports":false,"sizeScreenshots":2822.32421875,"sizeExports":0,"sizeAssets":352.0029296875},"exports":1}